,Title,Artist,Link,Genre,Lyrics
0,나에게로 떠나는 여행,버즈,https://www.melon.com/song/detail.htm?songId=732516,록/메탈,나에게로 떠나는 여행저 푸른 바다 끝까지말을 달리면소금 같은 별이 떠있고사막엔 낙타만이가는 길 무수한 사랑길이 되어 열어줄 거야낡은 하모니카손에 익은 기타 Your Melody어린 왕자 Your Melody 찾아 떠날래Far away U're my sunshinewe were together나는 사랑보다좋은 추억 알게 될 거야텀블러 한잔에 널 털어 넘기고이젠 나를 좀 더 사랑할거야저 끓어 넘친 태양은 부글거리고오랜 꿈은 삐걱거리고쿨럭인 자동차를타고서 꿈의 날개로구름 속을 산책할 거야낡은 하모니카 손에익은 기타 Your Melody어린 왕자 Your Melody 찾아 떠날래Far away U're my sunshinewe were together나는 사랑보다좋은 추억 알게 될 거야For my lifeFind my life 찾아 누릴 천국에지지 않을 너를 안게 될거야Far away Ure my sunshinewe were together나는 사랑보다좋은 추억 알게 될 거야For my lifeFind my life 찾아 누릴 천국에지지 않을 너를 안게 될거야 
1,나비소녀 (Don`t Go),EXO,https://www.melon.com/song/detail.htm?songId=4130820,발라드,조그만 날갯짓 널 향한 이끌림  나에게 따라오라 손짓한 것 같아서 애절한 눈빛과 무언의 이야기  가슴에 회오리가 몰아치던 그날 밤 오묘한 그대의 모습에 넋을 놓고  하나뿐인 영혼을 뺏기고 그대의 몸짓에 완전히 취해서 숨 쉬는 것조차 잊어버린 나인데 왈츠처럼 사뿐히 앉아 눈을 뗄 수 없어 시선이 자연스레 걸음마다 널 따라가잖아 날 안내해줘 yeah 그대가 살고 있는 곳에 나도 함께 데려가줘 oh 세상의 끝이라도 뒤따라갈 테니 부디 내 시야에서 벗어나지 말아줘  아침이 와도 사라지지 말아줘 oh 꿈을 꾸는 걸음 그댄 나만의 아름다운 나비 oh woo-hoo-hoo oh yeah-  woo-hoo-hoo yeah woo-hoo-hoo 어디서 왔는지 어디로 가는지  친절히 여기까지 마중을 와준 너 가파른 오르막 깎아진 절벽도  걱정마 무엇도 두려울 것이 없으니 너는 뽐내 우아한 자태 오 난 몇 번이고 반하고 사랑은 이렇게 나도 모르게 예고도 없이 불시에 찾아와 왈츠처럼 사뿐히 앉아 눈을 뗄 수  없어 시선이 자연스레 걸음마다 널 따라가잖아 oh no 날 안내해줘 yeah 그대가 살고 있는 곳에 나도 함께 데려가줘 oh 세상의 끝이라도 뒤따라갈 테니 부디 내 시야에서 벗어나지 말아줘  아침이 와도 사라지지 말아줘 oh 꿈을 꾸는 걸음 그댄 나만의 아름다운 나비 낯선 곳을 헤맨다 해도 길을 잃어버린대도 누구보다 솔직한 나의 맘을 따를거야 조용히 눈에 띄는 몸짓강하고 부드러운 눈빛거부할 수 없는 나니까 yeah날 데려가줘yeah 그대가 살고 있는 곳에나도 함께 데려가줘oh 세상의 끝이라도 따라갈게 oh no내 시야에서 벗어나지 말아줘 아침이 와도 사라지지 말아줘 oh조그마한 손짓 나의 가슴엔 회오리가 친다
2,피터팬 (Peter Pan),EXO,https://www.melon.com/song/detail.htm?songId=4130824,댄스,낡은 일기장 먼지를 털어내 문득 펼친 곳 그 속엔 해맑게네가 있어 아직 넌 그대로 여기 남아 있어잊고 지냈던 그림이 떠올라 작은 떨림이 내 몸에 샘솟아좀 서글프긴 해 그때로 돌아갈 수 없는 게널 찾아간다 추억이 보낸 팅커벨 따라나섰던 Neverland그 곳에 내가 너와 바라보며 웃고 있어난 영원한 너의 피터팬 그 시간에 멈춘 네 남자서툴지만 너무 사랑했던 나의 너에게 다녀가널 많이 괴롭혔던 짓궂은 악당 모두 물리쳐준 기억이 생생해그 순간부터 너의 맘을 얻고 나눈 키스까지내 맘은 항상 구름 타고 날았지너는 웬디 신데렐라보다 예뻤지가슴 뛰게 만든 단 한 사람 널 느끼니까 두 눈이 빛나널 찾아간다 추억이 보낸 팅커벨 따라나섰던 Neverland그 곳에 내가 너와 바라보며 웃고 있어난 영원한 너의 피터팬 그 시간에 멈춘 네 남자서툴지만 너무 사랑했던 나의 너에게 다녀가분홍빛 감도는 얼굴구름 위를 걷는 기분Baby boo내 가슴이 두근거렸던 그림 같던 You그때 너의 눈은 살며시  웃어줬던 것처럼지금도 내 마음의 한 켠에열린 창문에 네가 날아와준다면내 동화 속 담아 놓은 널 여전히 맴도는 Sweety girl아직도 떨려 가슴 한켠너 없는 이곳은 외로운 섬 내 기억 속 적어 놓은널 지워지지 않는 Pretty girl아직도 설레어 가슴 한켠 너 없는 이곳은 어디 있을까시계의 태엽 도는 사이 얼마나 달라졌을까널 써내려간 마지막 한 장을 넘겼지만 더 읽어낼 용기가 안 나 슬픈 글은 지워낼 거야우리 얘긴 끝이 아닐 거야다시 만나볼 테니까
3,"Baby, Don`t Cry (인어의 눈물)",EXO,https://www.melon.com/song/detail.htm?songId=4130818,발라드,더는 망설이지 마 제발 내 심장을 거두어 가 그래 날카로울수록 좋아 달빛 조차도 눈을 감은 밤 나 아닌 다른 남자였다면 희극 안의 한 구절이었더라면  너의 그 사랑과 바꾼 상처 모두 태워버려 Baby don't cry tonight 어둠이 걷히고 나면 Baby don't cry tonight 없었던 일이 될 거야 물거품이 되는 것은 네가 아니야 끝내 몰라야 했던 so Baby don't cry cry 내 사랑이 널 지킬 테니 오직 서로를 향해있는 운명을 주고 받아 엇갈릴 수 밖에 없는 그 만큼 더 사랑했음을 난 알아 When you smile sun shines 언어란 틀엔 채 못 담을 찬란 온 맘에 파도 쳐 부서져 내리잖아 oh Baby don't cry tonight 폭풍이 몰아치는 밤 하늘이 무너질 듯 Baby don't cry tonight 조금은 어울리잖아  눈물보다 찬란히 빛나는 이 순간 너를 보내야 했던  So Baby don't cry cry 내 사랑이 기억될 테니 어두컴컴한 고통의 그늘 위 이별의 문턱에 내가 무참히 넘어져도 그마저도 널 위해서라면 감당할 테니  uh 대신 나를 줄게 비록 날 모르는 너에게 don`t cry 뜨거운 눈물보단 차디찬 웃음을 보여줘 Baby Say no more baby no more don`t cry 제발 망설이지는 말아줘 물거품이 될 그 찰나 Say no more baby no more don`t cry 눈부신 사람으로 남을 수 있게 차라리 그 칼로 날 태워줘 네 눈 속에 가득 차 오르는 달빛 woo 소리 없이 고통 속에 흘러 넘치는 이 밤 Baby don't cry tonight 어둠이 걷히고 나면 Baby don't cry tonight 없었던 일이 될 거야 물거품이 되는 것은 네가 아니야끝내 몰라야 했던so Baby don't cry cry내 사랑이 널 지킬 테니이른 햇살이 녹아 내린다 너를 닮은 눈부심이 내린다길을 잃은 내 눈은 이제야Cry cry cry
4,코끝에 겨울,어반자카파,https://www.melon.com/song/detail.htm?songId=4333791,발라드,점차 나아지겠지 혼자 내렸던 그 모든 결론이 마치 먼지처럼 흩어져 사라져 버리던 날그저 한숨만 내쉬던 날 도저히 견딜 수 없다 누군가 내게 건네온 계절 코끝에 먼저 와버린차가운 겨울 내내 오지 않길 기도해도 이젠 무색해져 버린 따뜻한 내 두 손 다시 어디론가 가야 하는 나 길이 있기만을 바라며두 손으로 훔쳐낸 눈물 어지러운 공기 나 숨이 막혀 가만히 두 눈을 다시 감고 내일이 오길 기도해 본다냉정한 공기가 다시 겨울을 내게 건넨다함께 나누던 공기 함께 나누던 그 모든 기억이마치 먼지처럼 흩어져 사라져 버리던 날붉어진 눈으로 거릴 헤매던 날 도저히 견딜 수 없다 누군가 내게 건네온 이별코끝에 먼저 와 버린차가운 겨울 내내 오지 않길 기도해도 이젠 무색해져 버린 따뜻한 내 두 손 다시 어디론가 가야 하는 나 길이 있기만을 바라며두 손으로 훔쳐낸 눈물 어지러운 공기 나 숨이 막혀 가만히 두 눈을 다시 감고 내일이 오길 기도해 본다냉정한 공기가 다시 겨울을 내게 건넨다슬퍼 눈을 감아슬퍼 눈을 감아
5,거꾸로 걷는다,어반자카파,https://www.melon.com/song/detail.htm?songId=4287434,발라드,돌아서기 아쉬워 거꾸로 걷는다 끝을 아는 내 발길 거꾸로 걷는다 거꾸로 걷는다 거꾸로 걷는다 돌아서기 아쉬워 거꾸로 걷는다 거꾸로 걷는다 거꾸로 걷는다 돌아서기 아쉬워 거꾸로 걷는다 눈 감아도 보이는 내 등 뒤의 길 차라리 모르는 채 거꾸로 걷는다 거꾸로 걷는다 거꾸로 걷는다 돌아서기 아쉬워 거꾸로 걷는다 거꾸로 걷는다 거꾸로 걷는다 돌아서기 아쉬워 거꾸로 걷는다 거꾸로 걷는다 거꾸로 걷는다 돌아서기 아쉬워 거꾸로 걷는다 거꾸로 걷는다 거꾸로 걷는다 돌아서기 아쉬워 거꾸로 걷는다 거꾸로 걷는다 거꾸로 걷는다 돌아서기 아쉬워 거꾸로 걷는다 
6,서울 밤 (feat. 빈지노),어반자카파,https://www.melon.com/song/detail.htm?songId=31864770,R&B;/Soul,서울의 밤 먼지를 감췄지골목골목 걸으며 Baby talk to meWalk and Talk WalkWalk with Me Walk Walk서울의 밤 먼지를 감췄지골목골목 걸으며 Baby talk to meWalk and Talk WalkWalk with Me Walk Walk아무 말도 하지 마 아무것도 묻지 마아무 이유 대지 마 그대로 여기 멈춰때론 조금 차갑고조금 복잡해도우리가 있는 서울 서울이 나는 좋아정신없이 오고 가는 사람들오다가다 마주치는 인연들다신 오지 않을 오늘의 밤너랑 나 You and me 우리 둘서울 밤Yo 서울의 밤 먼지를 감췄지골목골목 걸으며 Baby talk to meWalk and Talk WalkWalk with Me Walk WalkLet me blow your mind서울 밤서울의 밤 먼지를 감췄지골목골목 걸으며 Baby talk to meWalk and Talk WalkWalk with Me Walk Walk with MeLet me blow your mind먼진 가라앉았지잠들기엔 아쉽지밖에 나갈까 싶지 그럴까눈을 감아도 환하지Then You should hang out with me너의 집 근처에 와 있음어서 옷 입어 난 준비됐음Baby why 핼쑥 I gotta feed you삼겹살집 검색 500개 있음이럴 때면 오는 나의 결정 장애밤인데도 갈 곳들이 너무 많네네온 조명 아래 굽이굽이 curvin너랑 걷기만 해도 지금 무지 설렘너를 보는 내 눈엔 벌이 꼬이네Honey Dripping eyes on you네가 제일 예뻐 서울에서언제나 날 찾아줘난 Open for 24hours난 너의 편의점 같아정신없이 오고 가는 사람들오다가다 마주치는 인연들다신 오지 않을 오늘의 밤너랑 나 You and me 우리 둘서울 밤서울의 밤 먼지를 감췄지골목골목 걸으며 Baby talk to meWalk and Talk WalkWalk with Me Walk WalkLet me blow your mind서울 밤서울의 밤 먼지를 감췄지골목골목 걸으며 Baby talk to meWalk and Talk WalkWalk with Me Walk Walk with MeLet me blow your mind서울 밤정신없이 오고 가는 사람들오다가다 마주치는 인연들서울 밤다신 오지 않을 오늘의 밤너랑 나 You and me 우리 둘서울 밤Would u walk with meWould u walk the nightWould u spend the nightIn the city of dustWalk the night walk walkIn the city of dustI love the city
7,"그때의 나, 그때의 우리",어반자카파,https://www.melon.com/song/detail.htm?songId=30709103,R&B;/Soul,그때의 나 그때의 우리참 어리석고 어렸지그때의 우리 아무것도 아닌 일에다투던 초라할 무렵에 기억달 밝은 날에 하늘을 보면우리 상처들이 떠 있고밤 또 늦은 밤에 거릴 거닐면그때의 추억이 선명하게 따라와네가 그립거나 보고프거나그런 쉬운 감정이 아니야난 그때의 우리가 세상에우리밖에 없었던 그때가 그리울 뿐그때의 우리 소홀함과 편안함그 안에서 부서질 듯 아파했던 달 밝은 날에 하늘을 보면우리 상처들이 떠 있고밤 또 늦은 밤에 거릴 거닐면그때의 추억이 선명하게 따라와네가 그립거나 보고프거나그런 쉬운 감정이 아니야난 그때의 우리가 세상에우리밖에 없었던 그때가 그리워다시 그 시간으로 돌아가고픈가벼운 순간의 감정이 아냐난 그때의 우리가 너와 내가이 세상 전부였던 그때가 그리울 뿐그때의 나 그때의 우리
8,Boogie On & On,빈지노 (Beenzino),https://www.melon.com/song/detail.htm?songId=3843565,랩/힙합,난 괜찮아내일 아침에 소파 위에 시체가되어 이름 모르는 너와 어색한사이가 되어도I don't care at alllet's smoke drink boogie on and onboogie on and on오늘은 생각도 긴 말도필요하지 않아 풀어 긴장 좀잃어가는 시간이 너무 아까워꽉 매 너의 신발끈지각생 엎드려 뻗쳐너에게 줄 성적은 없어여선생들은 열정이 넘치는날 가르치느라 엎드려줬어입김이 서린 잔을 건넨 뒤괜히 물어봐 지금이 몇 신지그 다음엔why don't u and yo friendsget with me and my friends일행이 몇 명이니LET'S BOOGIE ON AND ON내일 우리가 서로 기억 못 해도지금 이 무르익은 분위기는멈추지 말고 가만히 내비둬 고대로난 괜찮아내일 아침에 소파 위에 시체가되어 이름 모르는 너와 어색한사이가 되어도I don't care at alllet's smoke drink boogie on and onboogie on and on내일 걱정은 뒤에 해일단 이 느낌을 이해해언제 또 올지 모르는 놀 기회에초집중을 해girl swing that ass몇 번의eye contactI saw you you saw me그럼 내가 먼저 말 걸게난 너를 알고 싶어지금 우리 둘 주위를 둘러봐왕따들은 바쁘게 눈이 굴러가걔네들은 죽어도우리 둘을 못 봐지금이야지금 내 목에 팔을 둘러봐 너만 괜찮다면 너의 허리에내 손을 올릴게 넌 어때난 괜찮아내일 아침에 소파 위에 시체가되어 이름 모르는 너와 어색한사이가 되어도I don't care at alllet's smoke drink boogie on and onboogie on and on너도 내일 아침에날 기억 못해도 돼물이든 술이든u can sip and smoke it awayI don't give a F about tommorowcuz it's sundaybring up all ya cool kidsand just hop on to this music 너도 내일 아침에날 기억 못해도 돼물이든 술이든u can sip and smoke it awayI don't give a F about tommorowcuz it's sundaybring up all ya cool kidsand just hop on to this music 
9,목요일 밤 (Feat. 빈지노),어반자카파,https://www.melon.com/song/detail.htm?songId=9613173,R&B;/Soul,평범한 목요일 밤널 데려 갈게 어디든일주일 중에 네가제일 지쳐 있을 오늘Wanna driveIf you don’t mind둘이서 갈래 어디든밤을 가득 채울너와 나 그 곳을 향해 향해Wherever you want이리 저리 치이다정해진 모든 걸 해내도 하나도 웃음 안 나고또 올 내일이 두렵고 밤은 좀 남았는데어떻게 써야할지 모르고너와 함께 밤공기를느끼고 파  지금 데리러 갈게집에 가지 말고 있어줘baby I’m on my way Maybe I’ll be there by 8 왜 너가 차빌 내야해좋은 음악이 있는오빠 차가 있잖아물론 내일 일찍일 나가야해 이런 실랑이 할 시간에조금이라도 널 봐야해 난호흡이 딸리는 목요일 밤널 생각하면서 달려가 난평범한 목요일 밤널 데려 갈게 어디든 일주일 중에 네가 제일지쳐 있을 오늘 Wanna driveIf you don’t mind둘이서 갈래 어디든 밤을 가득 채울 너와 나그 곳을 향해 향해Wherever you want 어디든 데려다 줄게건반처럼 가로등을가로지르며너의 하룰 들으며그랬어 그러면서너를 괴롭혔던바깥 세상의밤 공기를 밀며 창 밖에 내던진 음악처럼한강엔 별과 달이 시간과똑같이 흐르고 있어우린 느낄 수 있어 둘이서앞으로 더 많은 목요일에도착할 거란 걸평범한 목요일 밤널 데려갈게 어디든 Wherever you want어디가 됐건Whatever you want그 무엇이 됐건Let’s go Let’s goWanna driveIf you don’t mind둘이서 갈래 어디든 Wherever you wantWherever we want Wherever I want Wherever you wantwe’re going to yo바람을 더 느끼게창문을 더 활짝 열어줘아무 말 필요 없어그냥 나를 믿어Give it up BabyWanna driveIf you don’t mind둘이서 갈래 어디든 밤을 가득 채울너와 나 그 곳을 향해 향해Wherever you want Wherever you wantWherever we want Wherever I wantWherever you wantwe’re going to yoWherever you wantWherever we want Wherever I wantWherever you wantwe’re going to yo
10,나빠(NAPPA),Crush,https://www.melon.com/song/detail.htm?songId=32014102,R&B;/Soul,아무 말 안 해도 다 알고 있다고괜찮은척해도 다 드러나는 걸뾰로통한 입술 차가운 네 말투에왜 내 맘을 의심해네가 제일 잘 알면서미안하단 말이 입에 붙어서 yeah또 미안해 슬쩍 말을 꺼내보지만눈칫밥에 체한 넌 몸살 날라 그래 오늘은 이래저래 음 늦었어 yeah쓸데없이 핑계만 늘어놓고선 yeah날 안아줘 my baby 바보 같은 나말해줘 너에게 난나빠 아파내가 바빠 바빠서네 맘 아파아파서나빠 나빠 나빠 내가 나빠 나빠널 바래다주는 길은괜히 딴청을 피우고네 손잡으려고 해도나 좀 봐달라고 떼써도초라한 나에겐온 세상이 너인데지키지도 못할 약속을 하고또 미안하단 말만 되뇌어보지만실망 가득한 표정에발걸음은 더 느려져네 마음 바득바득 긁어놓고선난 어리광만 피워 진짜 이기적이야날 안아줘 my baby 바보 같은 나말해줘 너에게 난나빠 아파내가 바빠 바빠서네 맘 아파아파서나빠 나빠 나빠 내가 나빠 나빠
11,Tip Toe (with 이하이),Crush,https://www.melon.com/song/detail.htm?songId=32999764,R&B;/Soul,Tip tip toe tip tip toe살금 살금 movin’ onTip tip toe 아무도 모르게Tip tip toe tip tip toe발끝으로 movin’ onTip tip toe stop아무도 눈치 못채게Babe tonight alright눈이 마주친 순간넌 내가 찾던 boy둘 사이 시그널 um um um다들 바빠 각자원하는 사람 찾아빠져나가둘만 아는 곳으로That’s right내 styleLet’s rideI’ve been drinkingGet high첨 본 순간부터 girl I need u네 생각 내 생각 같아There’s no next time간절히 원했던 이 느낌심장이 간지러운듯이Tip tip toe tip tip toe살금 살금 movin’ onTip tip toe 아무도 모르게Tip tip toe tip tip toe발끝으로 movin’ onTip tip toe stop아무도 눈치 못채게Girl whip in the carLet’s take our time시간 둘 필요 없어 지금이 맞아볼륨은 젤 크게 90’s vibestake my hands 그래도 돼기분이 닿는대로santal 향기에 난 심취함넌 날 TV로만 봤겠지만실물이 나아넌 날 이미지로 봤겠지만실물이 맞아그래 너무 예쁘니까I wanna dive into your heartTip tip toe tip tip toe살금 살금 movin’ onTip tip toe 아무도 모르게Tip tip toe tip tip toe발끝으로 movin’ onTip tip toe stop아무도 눈치 못채게어느새 발걸음이 너에게로Baby let me call you te quiero처음 봤지만 어색하지않은 태도alright we ride어느새 발걸음은 너에게로Baby let me call you te quiero처음 봤지만 어색하지않은 태도alright we rideTip tip toe tip tip toe살금 살금 movin’ onTip tip toe 아무도 모르게Tip tip toe tip tip toe발끝으로 movin’ onTip tip toe stop
12,감아 (Feat. Crush),로꼬,https://www.melon.com/song/detail.htm?songId=4527879,랩/힙합,이제 익숙해지는 것 같아키가 작을 때부터 해왔던 상상마음껏 펼치고는 꿀 같은 단잠자고 일어났어 어딜 가든 나는 항상자신감 넘치게 행동해야 하지아직 많이 부족하긴 해도 끝까지이뤄낼 거야 내 꿈 너도 알지그래도 네가 있어 난 힘이 나지너의 하루는 어땠어느껴져 딱 목소리에서누가 또 네 심기에 손 댔어맞아 전부 그 사람이 잘못했어쓰다듬어주고 싶어 네 머리를오늘도 고생 많이 했어이번 주말에는 떠나자 어디든일단 눈 감아 내 팔에 기대서Baby 난 너만 담아오늘은 편하게 내게 안겨도 돼겁먹지마이 밤이 우릴 환하게 반겨주네눈을 감아두 눈을 감아허리에 팔을 감아나만 믿고 따라와쉬는 동안에도 주말마다 일이 생기지가끔은 너무 정신 없어서 내 몸도 못 챙기지내 나름대로의 욕심 때문에 압박이 머리를 조여도다 풀어냈을 때 그 시원함이 나를 무대위로 또 올려줘나도 오늘 일을 끝냈으니 편안하게 와서 안겨도 돼현실이 꼬리를 물기 전에 더 이상은 아무것도 생각하지 않기로 해괜찮아 괜찮아 우리 둘 밖에 없어네가 하고 싶은 대로 해 준비 안된 건 없어Baby 난 너만 담아오늘은 편하게 내게 안겨도 돼겁먹지마이 밤이 우릴 환하게 반겨주네눈을 감아두 눈을 감아허리에 팔을 감아나만 믿고 따라와미리 맞춰놨어 적당한 온도너 때문에 오늘 아침부터 뎁혀 놔서 따듯해 내 몸도이리 와서 누워도 돼 내 옆에 눈감고 기대봐 내 옆에잡은 손 놓지 않아 절대 네가 눈을 떠도 어디 가지 않아 절대걱정하지 마 우리가 만날 시간은 많아오늘 따라 밤이 차갑지만 곁에 있어 괜찮아편하게 눈감아 내 곁에 누워도 돼두 손을 꼭 잡고 Ma BabyBaby 난 너만 담아오늘은 편하게 내게 안겨도 돼겁먹지마이 밤이 우릴 환하게 반겨주네눈을 감아두 눈을 감아허리에 팔을 감아나만 믿고 따라와내 노래의 모든 주제가니 이야기가 아니지만니가 있었기 때문에가능한 둘의 이야기야나 때문에 너의 하루가더 즐거웠으면 좋겠어난 하지 않아 절대 말로만거짓은 하나도 안 보탰어
13,Madeleine Love,CHEEZE (치즈),https://www.melon.com/song/detail.htm?songId=5694902,"발라드, 인디음악",오늘같이 싱그러운 날길거리 차도 별로 다니지 않아 문득 지나가다 거울을 보면 오늘 내 모습은 좀 예뻐 보이네 이따가 널 보면 무슨 말을 할까 날씨가 좋다고 뻔한 말이라도 건네볼까 어색한 장난이라도 용감하게 오늘은 널 웃음 짓게 만들 거야 I’m in madeleine love I’m in madeleine love I’m in madeleine love 오늘같이 햇볕 좋은 날엔 매일 걷던 거리도 지겹지 않아 문득 지나가다 거울을 보면 내 얼굴도 이 정도면 잘생겼네 이따가 널 보면 무슨 말을 할까 날씨가 좋다고 공원이라도 좀 걷자 할까 짓궂은 장난이라도 용감하게 오늘은 널 웃음 짓게 만들 거야 I’m in madeleine love I’m in madeleine love I’m in madeleine love I’m in madeleine loveI’m in madeleine loveI’m in madeleine love
14,어떻게 생각해,CHEEZE (치즈),https://www.melon.com/song/detail.htm?songId=8228040,"R&B;/Soul, 인디음악",이른 노을지던그 하늘 아래가로수 길을 따라걷던 우리들많은 사람들과 발끝을부딪치며 걷고있어아무 생각 없이앞만 봤었고뒤에선 누군가가쫓아온 듯 해이 많은 사람들은 모두어디로 가고 있는 걸까어떻게 생각해어떻게 생각해 넌어떻게 생각해어떻게 생각해 넌난 늘 생각해난 늘 생각해야 해이제 그만 지겨워어떻게 생각해어떻게 생각해 넌어떻게 생각해 이렇게 생각해 난이제 그만 지겨워그 날 넌 기억하니예전에 우리 꿈을 나누던그 밤의 놀이터를마냥 하늘만 보며결국 잘될 거라고 얘기했지어떻게 생각해어떻게 생각해 넌어떻게 생각해어떻게 생각해 넌난 늘 생각해난 늘 생각해야 해이제 그만 지겨워어떻게 생각해어떻게 생각해 넌어떻게 생각해 이렇게 생각해 난이제 그만 지겨워바보 같던 웃음의순수했던 날 우리가오늘도 내일도매일이 그리워어떻게 생각해어떻게 생각해 넌어떻게 생각해어떻게 생각해 넌난 늘 생각해난 늘 생각해야 해이제 그만 지겨워어떻게 생각해어떻게 생각해 넌어떻게 생각해 이렇게 생각해 난이제 그만 지겨워
15,Mood Indigo,CHEEZE (치즈),https://www.melon.com/song/detail.htm?songId=8228039,"R&B;/Soul, 인디음악",When I Fall In Love그대와 함께한다면곧 사라질 꿈이라도달콤하기만 하죠지금 이 순간 난 순간을 믿어요When I Fall In Love With You어제부터 난 확신했죠매일 그린 그림이바로 당신이란 걸 내일은 꼭 얘기할래요아무 이유도 없이보고 싶었다는걸사실 혼자 많이 설레였어요그대는 아마언제인지 모르겠지만앞으로도 많이궁금해질 것 같아요당장이라도 그대를껴안고만 싶은데Oh When I Fall In Love그대와 함께한다면곧 사라질 꿈이라도달콤하기만 하죠지금 이 순간 난 순간을 믿어요When I Fall In Love With You사실 조금은 겁이 나요우리 영화에도엔딩이 있을까요그대 내 손을 꼭 잡아줘같이 걷는 이 길덕분에 따뜻해요좋은 일만매일 있을 거에요날 보며 웃는 그대그 예쁜 모습처럼앞으로는 아직걱정 안 하기로 해요난 당장이라도그대를 껴안고만 싶은데Oh When I Fall In Love그대와 함께한다면곧 사라질 꿈이라도달콤하기만 하죠지금 이 순간 난 순간을 믿어요When I Fall In Love With You늘 그대였죠부푼 기대로 잠 못 들게 했죠왠지 우린 느낌 좋아 부드럽게Oh 당장이라도그대를 껴안고만 싶은데껴안고만 싶은데Oh When I Fall In Love그대와 함께한다면곧 사라질 꿈이라도달콤하기만 하죠지금 이 순간 난 순간을 믿어요When I Fall In Love With You
16,영화 같던 날,CHEEZE (치즈),https://www.melon.com/song/detail.htm?songId=31455642,"발라드, 국내드라마",한 번 단 하루의 짧은 순간그때였던걸까그때 느꼈을까설명할 수 없는 마음이그대와 있으면그렇게 떠올라그저 이 순간 지금 함께한모든 날들이 내겐 아름다울뿐It's beautiful time매번 소리나게 가슴이 뛰고It's a beautiful day아름다운 하루그림 같던 날영화 같던 밤모든게 잊혀지던너와 beautiful dayThis beautiful dayIt's beautiful여길 지나가는 모든 것들그중에 너만 날 보고 오고있어잠시 잠시 날 찾아왔던네가 지금까지 이렇게 머물러그저 이 순간 내 곁에 머물던너와 함께한 날이 아름다웠어It's beautiful time매번 소리나게 가슴이 뛰고It's a beautiful day아름다운 하루그림 같던 날영화 같던 밤모든게 잊혀지던너와 beautiful dayThis beautiful dayIt's beautiful그리운 날엔 너의 이름을 눌러적고그래도 남는 날엔 기억으로 널 그렸어 그래서 모든 날이내겐 beautiful dayThis beautiful dayIt's beautiful
17,연애 같은 걸 하니까,소란 (SORAN),https://www.melon.com/song/detail.htm?songId=30745314,"인디음악, 포크/블루스",그러게 연애 같은 걸 하니까이렇게 힘들 줄 몰랐으니까나 지금 되게 슬프고 뻔해그것 봐 내 주제에사랑은 무슨 사랑사랑 같은 소리들 하네나한텐 어렵기만 하던데TV 속에 다 가진 주인공로맨스는 누가 못해오늘 밤은 길기도 하네그때는 그렇게도 짧더니이 좋은 밤 혼자서 외롭게너 때문에 이게 다 뭐야그러게 연애 같은 걸 하니까이렇게 힘들 줄 몰랐으니까나 지금 되게 불쌍해너의 사진을 몇백 장째 보다가괜히 또 그립기만 하다니까억지로 맘을 멈출 순 없을까뒤척여봐도 똑같은 생각그것 봐 내 주제에사랑은 무슨 사랑이해 못하고흘려들었던 노래들이못 듣겠잖아눈물이 나서이런 거 진짜 싫어했었는데그러게 연애 같은 걸 하니까나는 또 바보처럼 굴 테니까나 지금 되게 불쌍해혹시 이런 날 네가 알아 주지는않을까 기대하고 있다니까우연히 마주치면 어떡할까노력해봐도 똑같은 생각그것 봐 내 주제에사랑은 무슨 사랑내 주제에연애는 무슨 연애
18,나만 알고 싶다,소란 (SORAN),https://www.melon.com/song/detail.htm?songId=30021731,"인디음악, 록/메탈",요즘 들어 벌써 몇 번네 얘기를 들어예쁘고 사람 참 괜찮다고그건 누구보다 내가확실하게 알지그런데 이상해 왜 이래나만 알고 싶다 나만 보고 싶다아무도 못 보게 널 감추고 싶다자꾸 보고 싶다 안아보고 싶다이 모든 감정 나만 느끼고 싶다어떻게 사람들이 모르게어떻게 오랫동안 이렇게넘치는 매력들 다감추고서 살았데 이런 나라서 미안해너만 보면 나도 모르게이기적이 돼나만 알고 싶다웃을 때 하는 손짓너만의 걸음걸이가방을 드는 건 항상 왼손알면 알수록 미쳐 너만의 디테일그런데 이상해 나 왜 이래나만 알고 나만 보고 싶다아무도 못 보게 널 감추고 싶다자꾸 보고 안아보고 싶다이 모든 감정 나만 느끼고 싶다어떻게 사람들이 모르게어떻게 오랫동안 이렇게넘치는 매력들 다감추고서 살았데 이런 나라서 미안해너만 보면 나도 모르게이기적이 돼나만 알고 싶다나만 알고 싶다 나만 보고 싶다아무도 못 보게 널 감추고 싶다자꾸 보고 싶다 안아보고 싶다세상에 다른 남잔 없음 좋겠다어떻게 사람들이 모르게어떻게 오랫동안 이렇게넘치는 매력들 다감추고서 살았대이런 나라서 미안해너만 보면 나도 모르게이기적이 돼나만 알고 싶다어떻게 사람들이 모르게어떻게 오랫동안 이렇게넘치는 매력들 다감추고서 살았데 이런 나라서 미안해너만 보면 나도 모르게이기적이 돼나만 알고 싶다
19,가을목이,소란 (SORAN),https://www.melon.com/song/detail.htm?songId=2900594,"인디음악, 록/메탈",고마워예쁘게 웃으며 얘기 해줘서내 고백을 받아줘서이거 아니 난 아직 조심스러워어쩜 내가 부담 주고 있는지 몰라넌 누가 봐도 예쁘잖아요즘 별에 별 생각에밤에 잠을 잘 못 자마치 꿈같던 그날 밤에넌 내게 대답했지정말 난 미친 척 하고 눈 딱 감고그냥 한번 말해 봤었는데고마워예쁘게 웃으며 얘기 해줘서내 고백을 받아줘서오 그대도사실 나를 좋아하고 있었다는믿어지지 않는 얘기넌 누가 봐도 예쁘잖아자꾸 꿈에 네가 나와밤에 잠을 잘 못 자우리 첨 만난 그 날에도이런 설렌 맘 이었지정말 난 우리 둘이서 그냥 편한좋은 친구 될 줄 알았는데고마워예쁘게 웃으며 얘기 해줘서내 고백을 받아줘서오 그대도사실 나를 좋아하고 있었다는믿어지지 않는 얘기고마워예쁘게 웃으며 얘기 해줘서내 고백을 받아줘서오 그대도사실 나를 좋아하고 있었다는믿어지지 않는 얘기고마워예쁘게 웃으며 얘기 해줘서내 고백을 받아줘서오 그대도사실 나를 좋아하고 있었다는믿어지지 않는 얘기고마워예쁘게 웃으며 얘기 해줘서내 고백을 받아줘서오 그대도사실 나를 좋아하고 있었다는믿어지지 않는 얘기
20,Perfect Day,소란 (SORAN),https://www.melon.com/song/detail.htm?songId=30477180,"인디음악, 록/메탈",오늘은 오늘만은 절대로 아니길 바랬는데 하늘엔 비 우산 없이 이 와중에 버스 놓침 그래도 오늘은 나름대로 셋팅이 완벽하지 새로 산 옷 예쁜 신발 핸드폰은 어디 아 너는 모를 거야 사실 난 매일 이래 되는 일 없어도 나는 너만 보면 괜찮아 왜냐면 You make perfect day 평소 같은 어제도 어제 같은 오늘도 오늘 같은 내일도 너만 있으면 완벽해 항상 같이 있을래 난 네가 필요해 You will make my perfect day And I will give my love to you today 이렇게 극장 안에 우리 둘이 까지는 좋았는데 영화 별로 발로 차고 뒷사람 스포일러 괜찮아 미리 봐둔 숨겨진 맛집이 기다리지 불친절함 맛은 평범함 그런데 가격은 너는 모를 거야 정말 기대했는데 되는 일 없어도 같이 있으니까 괜찮아 왜냐면 You make perfect day 평소 같은 어제도 어제 같은 오늘도 오늘 같은 내일도 너만 있으면 완벽해 항상 같이 있을래 난 네가 필요해 You will make my perfect day And I will give my love to you today Woo You are my perfect day Today is the day Woo You are my perfect day You make perfect day 평소 같은 어제도 어제 같은 오늘도 오늘 같은 내일도 너만 있으면 완벽해 항상 같이 있을래 난 네가 필요해 You will make my perfect day And I will give my love to youYou will make my perfect dayAnd I will give my love to youYou will make my perfect dayAnd I will give my love to you today
21,미쳤나봐,"소란 (SORAN), 권정열",https://www.melon.com/song/detail.htm?songId=3749078,"인디음악, 포크/블루스",얘기해 필요하면 다 사줄게 괜찮아 안 힘들어 갔다 올게 하루 종일 내가 하루 종일 내가 언제든 배고프면 다 해줄게 가만히 앉아있어 먹여줄게 하루 종일 내가 하루 종일 내가 사랑해서 그래 나를 좋아해줘 baby 내가 원래 그래 나를 칭찬해줘 everyday 너한테만 그래 나를 예뻐해줘 baby 오직 너에게만 나는 진짜 정말 미쳤나봐 미쳤나봐 난 너에게 잡혀 묶였나봐 너에게만 너에게만 난 너에게 꽂혀서 박혔나봐 혼자 있고 싶다면 사라질게 말만 해 원한다면 죽어줄게 하루 종일 내가 하루 종일 내가 사랑해서 그래 나를 좋아해 줘 baby 내가 원래 그래 나를 칭찬해줘 everyday 너한테만 그래 나를 예뻐해 줘 baby 오직 너에게만 나는 진짜 정말 미쳤나봐 미쳤나봐 난 너에게 잡혀 묶였나봐 너에게만 너에게만 난 너에게 꽂혀서 박혔나봐 어쩌려고 요즘에 넌 어쩌려고 뭐하냐고 어쩌려고 그렇게 좋아서 뭘 어쩌려고 어쩌라고 이렇게 난 어쩌라고 너에게만 어쩌라고 이렇게 좋은데 나 미쳤나봐 미쳤나봐 난 너에게 잡혀 묶였나봐 너에게만 너에게만 난 너에게 꽂혀서 박혔나봐 미쳤나봐 미쳤나봐 난 너에게 잡혀 묶였나봐 너에게만 너에게만 난 너에게 꽂혀서 박혔나봐 미쳤나봐
22,Mayday,VICTON (빅톤),https://www.melon.com/song/detail.htm?songId=32640164,댄스,Losing all my sleep on you뜨거웠던 comet 어지럽던 jet lagmaybe 이건 empty set내 심장까지전부 빼앗겨버린 듯해 yeahI wanna 그 속에서 놀려줘넌 아마 날 품은 Village네 품에서Feel me and calm me down주체가 안돼 heal meLove is blind but Your love is unkind그래 그렇게 그 틀에 가둔 채Again again Chillin' meFire off a mayday but I can't waitFire off a mayday uhFire off a mayday but I can't waitFire off a maydayMayday Mayday MaydayAnswer me now그래 이건 S.O.SAs alwaysHol’ up아마도 이 상태로 Die youngBut never mind like cobainYou make me go insane반복된 환영은 maze숨죽여 삼킨 moanin'Don't wanna give up 못 떠나게넌 내 손을 끌어당기지넌 식어버린 듯해또 차갑게 잠기는 파도끝도 없이 에워싸는불안은 Killin' meFire off a mayday but I can't waitFire off a mayday uhFire off a mayday but I can't waitFire off a maydayFire off a mayday but I can't wait갇혀버린 채 uhFire off a mayday but I can't waitFire off a mayday마지막 찰나의 순간에흐려진 잔상이 눈 앞에다 내려 놨을 때무심코 느껴버린 hysteriaSuch a beautiful destroyer희미해진 light 좁아지는 sight난 길을 잃었나 봐아무리 불러도 네겐 닿지 않아이 폭풍 속에 날 놓지 말아줘Fire off a mayday but I can't waitFire off a mayday uhFire off a mayday but I can't waitFire off a maydayFire off a mayday but I can't wait갇혀버린 채 uhFire off a mayday but I can't waitFire off a maydayFire off a maydayFire off a maydayFire off a maydayFire off a mayday yeah
23,Howling,VICTON (빅톤),https://www.melon.com/song/detail.htm?songId=32443499,댄스,볼 수 있을까 너 없다 해도 나살 수 있을까 아니 못 할 테니까돌아가 너를 데리러 갈게 Babe이대로 보내기엔 그건 안 될 것 같아밑바닥까지 추락해버린 나굶주린 짐승처럼 부르짖네살갗을 파고 들어갈 듯한슬픈 울음 소린 그녈 뒤돌아보게can you hear my howling yeahcan you hear my howlingyeah I got 99 problemsbut a feed ain't one hit meHowl on you la la la la그립다 널 부른다Howl on you la la la la내 모든 걸 담아서다신 널 놓치지 않을 거야널 이렇게 안아서우린 영원히 함께해아름다운 눈을 가려서어디도 못 가게내 안에 널 가둘 테니까너와 oh oh oh oh oh네게만 들리게너와 oh oh oh oh oh oh oh네 귓가에 맴돌게다시 불어라 불어라그녀가 나를 바라보게내 숨결이 닿는다면다시 돌아올 테니까흐른다 떨어진다너의 그 눈물 마치 나 같아괜찮아 울지 마 너도 나와 함께라기쁘단 것을 알아 자 내 손을 잡아둘은 break굳은 face looking bad미치게 취급해chicky bangyour love is fakemy love is painwhy love is dead woodeeper than deep 기쁘겠지you gotta runawaywe're beauty and the beastyou gotta runawaywe're beauty and the beastHowl on you la la la la그립다 널 부른다Howl on you la la la la내 모든걸 담아서다신 널 놓치지 않을 거야널 이렇게 안아서우린 영원히 함께해아름다운 눈을 가려서어디도 못 가게내 안에 널 가둘 테니까너와 oh oh oh oh oh네게만 들리게너와 oh oh oh oh oh oh oh네 귓가에 맴돌게다시 불어라 불어라그녀가 나를 바라보게내 숨결이 닿는다면다시 돌아올 테니까저 달빛도 너를 알까울고 있는 너의 모습 다보지 못할까 봐 겁이 나갑자기 사라져 버릴까너무 멀리 왔을까 돌이킬 수가Howl on you 영원하길 약속해다신 널 놓치지 않을 거야널 이렇게 안아서우린 영원히 함께해아름다운 눈을 가려서어디도 못 가게내 안에 널 가둘 테니까너와 oh oh oh oh oh네게만 들리게너와 oh oh oh oh oh oh oh네 귓가에 맴돌게다시 불어라 불어라그녀가 나를 바라보게내 숨결이 닿는다면다시 돌아올 테니까
24,그리운 밤,VICTON (빅톤),https://www.melon.com/song/detail.htm?songId=32147118,댄스,보고 싶다 보고 싶다 보고 싶다 널그리운 건 그때인지 그대인지 몰라불 꺼진 방 나 혼자 널 떠올려봐도점점 더 흐릿해져 가어디를 걸어도전부 네 흔적들뿐일까왜 내가 듣는 노래엔다 우리 얘기뿐일까 yeah시간을 되돌릴 수 있다면네가 있는 미래를 그렸을까네가 없는 날 네가 없는 밤못다 한 말 말 말못해준 게 난 아직 남았는데그리운 밤 밤 밤 밤 밤이 오면네 옆에서 곤히 잠들고만 싶었는데 난되돌려줘 그때의 내가 너에게 다 전할게사랑해 널 이젠 잘 하고 싶어도 못하는 게날 더욱더 힘들게 해네가 더 그리운 밤Late Night Late Night Late Night그리운 밤Way Back Way Back Way Back너 없는 밤I Will Be Your Right Place난 언제나 Right ThereI'm Gonna Be Right There Right There그리운 밤참으로 애썼다가슴 미어지게 애석한마음조차 죄스럽다찬 밤바람도 매섭다흩뿌리는 나의 눈물이 물들인 밤이별을 별처럼 아스라이 수놓는다어둠이 더 짙게 드리운다어찌 이토록 그리울까왜 네가 없는 공간에다 너의 온기뿐일까왜 네가 없는 순간은내 기억 속엔 없을까 yeah시간을 멈출 수만 있다면그 시간에 머물 수 있을까네가 없는 날 네가 없는 밤못다 한 말 말 말못해준 게 난 아직 남았는데그리운 밤 밤 밤 밤 밤이 오면네 옆에서 매일 함께 하고 싶었는데 난되돌려줘 지금의 내가 그때 널 만난다면사랑해 널 그 순간이 행복했었다 전할게그땐 왜 몰랐을까네가 더 그리운 밤Late Night Late Night Late Night그리운 밤Way Back Way Back Way Back너 없는 밤I Will Be Your Right Place난 언제나 Right ThereI'm Gonna Be Right There Right There네가 없는 날 네가 없는 밤네가 없는 날 네가 없는 밤그리운 밤 밤
25,오월애 (俉月哀),VICTON (빅톤),https://www.melon.com/song/detail.htm?songId=31090414,발라드,그립다 내가 너를 떠난다아무런 인사도 못 한 채너를 두고 간다참는다 네가 보고 싶다네 곁에 더 머물고 싶다무엇도 할 수가 없다다시 볼 수 없을 것만같던 우리의 이별도결국 봄바람이 불어왔죠다시 사랑하는 그 날여전히 넌 그 자리에 있어 줘우리가 변치 않게흩날려간 저 꽃잎 따라너와 함께 춤을 춘다 그날처럼 yeah그 기억 속에 아름답던 우리는가슴 깊이 묻어둔다 yeahooh ooh ooh yeah지금보다 더 멋있게네가 다시 바라보게ooh ooh ooh yeah눈물은 보이지 않게지금 뒤돌아보지 않을게하나 둘 셋인생이란 선택의 연속이래사랑이란 믿음 배려 용서 이해시간이란 못 속인대 모순이 된 모습이제 못 숨길 테니 시든 꽃송이 돼가끔 지나간 계절처럼다시 돌아오길 바래 어깨너머듣게 되는 소식에 네가 불어와흘린 눈물만큼네 행복을 빌고 또 빌어다시 볼 수 없을 것만같던 우리의 이별도결국 봄바람이 불어왔죠다시 사랑하는 그 날여전히 넌 그 자리에 있어 줘우리가 변치 않게흩날려간 저 꽃잎 따라너와 함께 춤을 춘다 그날처럼 yeah그 기억 속에 아름답던 우리는가슴 깊이 묻어둔다 yeah눈물이 입술에 맺혀그 맛은 달콤할 뻔했어이 정도면 아름다운 이별이 되겠어That’s all지금보다 더 멋있게네가 다시 바라보게바라보게 만들어기다리게 한 담보로내 뼈와 살을 깎으며저 밖으로 drop it on me눈물은 보이지 않게지금 뒤돌아보지 않을게잠시만 안녕이 시간이 지나면 볼 수 있기를이대로 안녕오늘도 그립고 그립다 너흩날려간 저 꽃잎 따라너와 함께 춤을 춘다 그날처럼 yeah그 기억 속에 아름답던 우리는가슴 깊이 묻어둔다 yeah우리가 함께한 날 지난 기억 다두고가 두고가 행복하길우리가 함께한 날 지난 기억 다두고가 두고가 행복하길 바래
26,Celebrate,VICTON (빅톤),https://www.melon.com/song/detail.htm?songId=31005525,"댄스, 국내드라마",맘이 Love Love Love두근대잖아이건 Love Love Love사랑인 거야오직 단 한 사람너만 곁에 있어준다면I’m in Love with You지금부터 내 모든 시간을 다 더해서Baby 너에게만하루 종일 사용하고 싶은 걸사랑이란 게 어떤 거냐고누가 내게 물어본다면망설이지 않고 그냥 그건 너라고대답할 것 같아맘이 Love Love Love두근대잖아이건 Love Love Love사랑인 거야오직 단 한 사람 너란 단 한 사람매일매일이It's Celebration세상 모든 걸 가진 것 같아이런 날이 드디어 와준 거야오직 단 한 사람I just wanna celebrate with youCelebrate with youYeah We gon' celebrate커플들도 외롭게 해줘우린 바삐 Get awayYeah 이 멜로디에담긴 의미를 알아너와의 인연은 LottoI'm out of my mind남아있어 줘 by my side사랑이란 게 어떤 거냐고누가 내게 물어본다면망설이지 않고 그냥 그건 너라고대답할 것 같아맘이 Love Love Love두근대잖아이건 Love Love Love사랑인 거야오직 단 한 사람 너란 단 한 사람매일매일이It's Celebration세상 모든 걸 가진 것 같아이런 날이 드디어 와준 거야오직 단 한 사람I just wanna celebrate with youCelebrate with youWith you이제 너 아니면 난 안돼내 모든걸 주고 싶은 오직 한 사람어쩌면 우린 생각보다훨씬 오래 전부터시작된 사랑일지 몰라내 처음과 끝은 너뿐인 걸맘이 Love Love Love두근대잖아이건 Love Love Love사랑인 거야오직 단 한 사람 너란 단 한 사람매일매일이It's Celebration세상 모든 걸 가진 것 같아이런 날이 드디어 와준 거야오직 단 한 사람I just wanna celebrate with youCelebrate with you
27,나를 기억해,VICTON (빅톤),https://www.melon.com/song/detail.htm?songId=30720227,댄스,슬픈 얼굴은 널 위해 감춰줄게네가 맘 편히 떠날 수 있도록 Yeah네가 보이지 않을 만큼 멀어질 때까지눈물은 참아 볼게Yeah 사실 속은 검게 타버려 활활당장이라도 너에게 다가가떠나가지 마 날 혼자 두지 마널 붙잡을까 질척거릴까아직 너에게 못해준 게 너무 많아받은 만큼 주지 못한 게 많아너무 못난 사랑이란 걸 알지만 부디넌 나를 기억해 네 마음속에서너와 영원히 숨 쉴 수 있도록넌 나를 기억해 내 세상이었던내 전부였던 너를 잃어버린 날 위해넌 나를 기억해Eh Eh Oh eh ohEh Eh Oh eh ohEh Eh Oh eh oh넌 나를 기억해Eh Eh Oh eh ohEh Eh Oh너와 영원히 숨 쉴 수 있도록아까운 감정 소비에 몰두해네 존재를 거부했고 네 모든 게 소중해 지금Yeah 너가 내 전부이기에 넌 아마 내일도아니 매일 평생 내 빛과 소금이 돼 ye yeEveryday ay bae 내 전부를 너에게You take that 후횐 없을 걸 maybe근데 뭐 어쨌든 간에 나를 기억해기억해야 돼 기억해야만 돼Yeah 그냥 이대로 다 멈춰줘 제발너의 뒷모습뿐이라도 좋아미친 듯이 뛰어 내 맘이 소리쳐너를 다시 돌려달라고 말야아직 너에게 못해준 게 너무 많아받은 만큼 주지 못한 게 많아너무 못난 사랑이란 걸 알지만 부디넌 나를 기억해 네 마음속에서너와 영원히 숨 쉴 수 있도록넌 나를 기억해 내 세상이었던내 전부였던 너를 잃어버린 날 위해넌 나를 기억해Eh Eh Oh eh ohEh Eh Oh eh ohEh Eh Oh eh oh넌 나를 기억해Eh Eh Oh eh ohEh Eh Oh너와 영원히 숨 쉴 수 있도록잊지 말아줘 지우지 말아줘좋은 사람이었다고 나를 기억해줘언젠가 우리 다시 볼 수 있다면그땐 너를 놓지 않을게 놓치지 않을게넌 나를 기억해Eh Eh Oh eh ohEh Eh Oh우리 멀리 있어도 서로를 느낄 수 있게넌 나를 기억해Eh Eh Oh eh ohEh Eh Oh너와 영원히 숨 쉴 수 있도록나를 기억해
28,TIMELINE,VICTON (빅톤),https://www.melon.com/song/detail.htm?songId=30720231,발라드,오랜만에 사진을 봤어행복했던 날들제일 아래 Timeline까지 다사실 지우지 못했어 너와 같이했던너무나도 많은 날들 속네 예쁜 표정은 아직 너무 선명해내 맘을 녹이는 날 부르던 네 목소리어디서 뭘 하든 언제나 나를따라다닐 네 흔적들햇살이 참 밝아 보여서그날처럼 따사로워서사진 속 우리의 모습에너도 아파할 것 같았어 Ay널 절대 내 맘에서 떼지 못해난 아직도 네 주윌 맴도는데통화 버튼에서 손을 떼지 못해떼지 못해 떼지 못해너의 SNS에 비교되는 내 인생They said왜 있을 때 잘하지 그랬니그래 이건 waste of time나 왜 이럴까하루가 빈 거 같아난 또 잔을 채워가Go back 다시 그때로 그땐 행복만잊혀질줄 알았어 근데 너무 선명해괜찮지가 않았어 나는 네가 필요해어디서 뭘 하든 내 맘속에채워지지 않는 네 자리 Oh햇살이 참 밝아 보여서그날처럼 따사로워서사진 속 우리의 모습에너도 아파할 것 같았어 Ay널 절대 내 맘에서 떼지 못해난 아직도 네 주윌 맴도는데통화 버튼에서 손을 떼지 못해떼지 못해 떼지 못해돌아와 줘 넌 듣지 못하겠지만내 맘 같진 않겠지만 love돌아와 줘 돌아와 줘지나간 날의 너도지금 내가 기억하는 너도아직 밝은데 왜 우리 둘 사이는캄캄한 건데두 두 번 다신 네 소식들에I don't follow that 쉿 nah mean깨져버린 폰 속에갇혀 있어 Right here햇살이 참 밝아 보여서그날처럼 따사로워서사진 속 우리의 모습에너도 아파할 것 같았어 Ay널 절대 내 맘에서 떼지 못해난 아직도 네 주윌 맴도는데통화 버튼에서 손을 떼지 못해떼지 못해 떼지 못해햇살이 참 밝아 보여서그날처럼 따사로워서사진 속 우리의 모습에너도 아파할 것 같았어오랜만에 사진을 봤어행복했던 날들제일 아래 Timeline까지 다
29,말도 안돼,VICTON (빅톤),https://www.melon.com/song/detail.htm?songId=30594069,댄스,STEADY이건 말도 안돼 Oh 이건 말도 안돼네가 날보고 좋다고 하는 게 Oh Yeah진짜 이건 말도 안돼 이건 말도 안돼네가 날보고 좋다는 게난 믿기지가 않네 Baby다시 한번 생각해도 이건 말도 안돼네가 날 보러 왔다는 게또 진짜 말도 안돼 Baby우우우우 우우우우 우우Oh Yeah우우우우 우우우 우우EH 이건 말도 안돼누가 봐도 콧대 높게 보이던 너인데아무나 막 다가갈 수도 없던 너인데Yeah Yeah 말도 안되니깐 안 봐 너와의 궁합내 몸과는 달리 내 맘은 마중 가눈치껏 힐끔 보는 난데아무렇지 않게 보는 넌 뭔데Oh 네가 네가 네가 네가 여기 나타날 때수 많은 사람들 틈에서 눈이 마주칠 때진짜 이건 말도 안돼 이건 말도 안돼네가 날보고 좋다는 게난 믿기지가 않네 Baby다시 한번 생각해도 이건 말도 안돼네가 날 보러 왔다는 게또 진짜 말도 안돼 Baby우우우우 우우우우 우우이건 말도 안돼우우우우 우우우 우우이건 말도 안돼지금 상황이 이상한 것 같아 Already아직까지도 나 적응 안된 거 같아 You ready네 목소리의 Decibel좋아 오늘부터 1일이니까 Celebrate the day난 네 생각을 매일 해 BabeRelaxed calm and laid backGirl 네 목소리의 데시벨너무 좋아 오늘을 Celebrate Yeah볼 때마다 넌 볼매야 에헤라데야 oleOh 네가 네가 네가 네가 내게 다가올 때저 멀리 걸어오는 너와 눈이 마주칠 때 EYEZ진짜 이건 말도 안돼 이건 말도 안돼네가 날보고 좋다는 게난 믿기지가 않네 Baby다시 한번 생각해도 이건 말도 안돼네가 날 보러 왔다는 게또 진짜 말도 안돼 BabyEH 심장이 터지게 자꾸 두근대네너와 내가 같이 있을 때 Yeah믿을 수가 없네 두 번 말해 뭐해너도 나와 똑같다는 게이건 말도 안돼 No Way꿈은 아닌 건데 All Day내가 좋다는데 너도 좋다는 게 Singing야이야이야아아이건 말도 안돼 No Way우린 대체 뭔데 뭔데내가 좋다는데 너도 좋다는 게 Singing야이야이야이야 Baby우우우우 우우우우 우우이건 말도 안돼우우우우 우우우 우우EH 이건 말도 안돼말도 안돼
30,얼타,VICTON (빅톤),https://www.melon.com/song/detail.htm?songId=30281202,댄스,왜 또 얼타 얼타 얼타왜 이래 왜 이래 왜 이래 Uh나 자꾸만 얼타 왜 이런 걸까오늘따라 내가 왜 이런 걸까이유는 네가 너무 예뻐서이유는 네가 너무 예뻐서왜 그렇게 얼타냐고 물어봐도답을 못하는 이유는 뭘까왜냐면 네가 너무 쩔어서왜냐면 네가 너무 쩔어 쩔어서 Baby오늘의 문제네가 딱 붙는 거 입고등장하는 순간 심장 두근눈을 어디다 둘까고민하는 그 순간너의 미소 한방에난 죽음 죽음한발 빼려고 하면두발 들어오는 걸이런 널 어떻게 해자꾸 숨 가쁘게 두드리는데오늘 넌 오늘 넌 오늘 넌과감하니까나 자꾸만 얼타 왜 이런 걸까오늘따라 내가 왜 이런 걸까이유는 네가 너무 예뻐서이유는 네가 너무 예뻐서왜 그렇게 얼타냐고 물어봐도답을 못하는 이유는 뭘까왜냐면 네가 너무 쩔어서왜냐면 네가 너무 쩔어 쩔어서 Baby멍 때려 멍 때려 왜 내가멍 때려 멍 때려 널 보면벙 찌고 벙 찌고만 있어오늘의 문제너 때문에 내가매일 밤 매일 밤마다아무렇지 않은 척아무것도 아닌 척 해봐도잠은 오지를 않고자꾸 너만 오는데이런 널 어떻게 해숨 막히게 들어오는데오늘도 오늘도 오늘도얼 타는데나 자꾸만 얼타 왜 이런 걸까오늘따라 내가 왜 이런 걸까이유는 네가 너무 예뻐서이유는 네가 너무 예뻐서왜 그렇게 얼타냐고 물어봐도답을 못하는 이유는 뭘까왜냐면 네가 너무 쩔어서왜냐면 네가 너무 쩔어 쩔어서 BabyYeah right이렇게 너무 쩔어주게 예쁘면내가 막 얼타 얼타근데 내가 너무 얼빠지게얼타는 사이딴 늑대들은 뭘 봐 뭘 봐EY Bay I wanna너와 나의 콜라보난 너의 순애보대체 왜 내 맘을 몰라줘자꾸 다가오면서 왜 또한발 두발 세발 네가왜 또 멍 때려 멍 때려 왜 내가멍 때려 멍 때려 널 보면벙 찌고 벙 찌고만 있어난 어이 어이없어멍 때려 멍 때려 왜 내가정신 없어 정신 없어서 나얼타고 얼타고만 있어왜 그렇게 얼타냐고 물어봐도답을 못하는 이유는 뭘까왜냐면 네가 너무 쩔어서왜냐면 네가 너무 쩔어 쩔어서 Baby나 또 얼타 얼타 얼타난 어이 어이없어
31,아무렇지 않은 척,VICTON (빅톤),https://www.melon.com/song/detail.htm?songId=30083955,댄스,아무렇지 않은 척 아무것도 아닌 척너만 보면 자연스레 난 척 척하게 돼아무렇지 않은 척 삐쳐도 안 삐진 척네 앞에선 나도 몰래 난 척 척 척하게 돼밥 한 끼를 해도 내가 먹는 건 눈칫밥손잡으려 해도 넌 내밀어 오리발이쁘면 다냐 그래 다겠지 아 몰라나 진짜 삐쳤으니까 삐쳤냐고 묻지 마Oh My god 속 탄다제발 누가 좀 불러줘 소방관미안 내 주제에 너무 말이 많아근데 역시 난 아무렇지 않지 않아그게 아니야나 괜찮은 척 참고 있지만그게 아니야나 웃는 게 웃는 것 같지만사실 아니야담아뒀던 말이 참 많지만속 좁아 보일까 봐서에이씨 아무렇지 않은 척 아무것도 아닌 척너만 보면 자연스레 난 척 척하게 돼아무렇지 않은 척 삐쳐도 안 삐진 척네 앞에선 나도 몰래 난 척 척 척하게 돼척 널 만날 땐 습관처럼척 하기 힘들 땐 처음처럼난 너만 보는 바보가끔은 무너지는 너만 보겠다는 각오사실 미소 뒤엔 답답하고 속상해사랑엔 공식이 없어 매일 똑같아혹시 이런 남자 내가 처음이니주말 길거리보다 내 머리가 복잡해그게 아니야한없이 받아 줄 것 같지만그게 아니야저 별도 따다 줄 것 같지만사실 아니야쌓아둔 게 나도 참 많지만쪼잔해 보일까 봐서안 하는 게 낫겠다 아무렇지 않은 척 아무것도 아닌 척너만 보면 자연스레 난 척 척하게 돼아무렇지 않은 척 삐쳐도 안 삐진 척네 앞에선 나도 몰래 난 척 척 척하게 돼이번엔 이번엔 진짜 안되겠네오늘은 오늘은 진짜 안되겠네Woo 지금까진 귀여웠지만오늘 나랑 얘기 좀 해야겠어 넌이건 아니야그냥 그렇다고척 척 네 앞에 서면척 척 쉴 틈 없이또 또 정색하는척 척 쟁이척 척 네 앞에 서면척 척 쉴 틈 없이또 또 이불 킥하는척 척 쟁이아무렇지 않은 척 아무것도 아닌 척너만 보면 자연스레 난 척 척하게 돼아무렇지 않은 척 삐쳐도 안 삐진 척네 앞에선 나도 몰래 난 척 척 척하게 돼
32,양화대교,Zion.T,https://www.melon.com/song/detail.htm?songId=5389475,R&B;/Soul,우리 집에는 매일 나 홀로 있었지아버지는 택시드라이버어디냐고 여쭤보면 항상 양화대교아침이면 머리맡에 놓인 별사탕에 라면땅에새벽마다 퇴근하신 아버지 주머니를 기다리던어린 날의 나를 기억하네엄마 아빠 두 누나나는 막둥이 귀염둥이그 날의 나를 기억하네 기억하네 행복하자 우리 행복하자 아프지 말고 아프지 말고행복하자 행복하자아프지 말고 그래 그래내가 돈을 버네 돈을 다 버네엄마 백원만 했었는데우리 엄마 아빠 또 강아지도이젠 나를 바라보네전화가 오네 내 어머니네뚜루루루 아들 잘 지내니어디냐고 물어보는 말에 나 양화대교 양화대교엄마 행복하자아프지 말고 좀 아프지 말고행복하자 행복하자아프지 말고 그래 그래그 때는 나 어릴 때는아무것도 몰랐네그 다리 위를 건너가는 기분을어디시냐고 어디냐고여쭤보면 아버지는 항상양화대교 양화대교이제 나는 서있네 그 다리 위에행복하자 우리 행복하자 아프지 말고 아프지 말고행복하자 행복하자아프지 말고 그래행복하자 행복하자아프지 말고 아프지 말고행복하자 행복하자아프지 말고 그래 그래
33,Oasis (Feat. ZICO),Crush,https://www.melon.com/song/detail.htm?songId=5771304,R&B;/Soul,난 널 you 목말라해 너무 더워 물이 필요해 Hot in here난 웅덩이 깊이 파인 곳을 찾아 다녀달콤하게 날 더 바라봐줘 넌 훌륭해 이 메마른 땅을 정글로 만들고 난 모험하고 또 탐험You know how we do it we just do itAll you ladies hands in the air All my ladies hands up in the air 그녀는 그녀는 날 미치게 해 그녀는 날 숨쉬게 해 YeahO A She's mine O A She's mine O A She's mine Yeah She's mine All you ladies hands in the air All my ladies hands up in the air 그녀는 그녀는 날 미치게 해 그녀는 날 숨쉬게 해 Get closer to my body 천국에다가 데려다 줄게 body to body넌 낮이 밤이 될 때까지 waterfall 그 속에서 난 헤엄치고 싶어You know how we do it we just do it All you ladies hands in the air All my ladies hands up in the air 그녀는 그녀는 날 미치게 해 그녀는 날 숨쉬게 해 YeahO A She's mine O A She's mine O A She's mine Yeah She's mine All you ladies hands in the air All my ladies hands up in the air 그녀는 그녀는 날 미치게 해 그녀는 날 숨쉬게 해 넌 남자들 욕망에 갈증 나게 하면서 어째서 주위 여자들은 물 맥여때마침 넌 제대로 된 상대를 만났어 난 태연하게 제안하지 술 대결결관 KO 고양이한테 생선을 맡긴 거야 늘 첫 경험하는 자세 앞뒤를 몰라감탄사대신 엄지 척 다리 사이로 난 광주출신 아니지만 전라도 환영넌 겨울 해 밤도 안됐는데 자꾸만 지려해 baby oh 쪽쪽 물고 뜯고 맛보고 즐겨 악 질러대하고 싶죠 하고 있는데도 하고 싶을 거야그럴 땐 이걸 꺼내먹어 You Know What지구부터 달까지 로켓을 쏘아 All you ladies hands in the air All my ladies hands up in the air 그녀는 그녀는 날 미치게 해 그녀는O A She's mine O A She's mine O A She's mine
34,또 운다 또,다비치,https://www.melon.com/song/detail.htm?songId=5555751,발라드,또 운다 또 울지 말라니까내 말 좀 들어라 터진 눈물아약한 마음아 상처 난 가슴아나는 정말 울기 싫단다또 운다 또 울지 말라니까제발 그 앞에서 울지마무슨 말만 하면 울잖아 헤어지잔 말 한 마디에아무 말도 못하면서사랑한다고 사랑한다고말도 못하면서뚝 그만 울라니까가 제발 가 오지 말라니까내 말 좀 들어라 나쁜 이별아하고 싶은 말 얼마나 많은데나는 아직 사랑하는데가 제발 가 그는 남겨두고제발 그 앞에서 울지마무슨 말만 하면 울잖아헤어지잔 말 한 마디에아무 말도 못하면서사랑한다고 사랑한다고말도 못하면서뚝 그만 울라니까눈물 뒤로 사랑이 숨어서그가 날 못 보잖아그만 그만 하라니까제발 그 앞에서 울지마제발 그만 울고 붙잡아그를 이별에 뺏기지마마음속에 갇힌 그 말을밖으로 꺼내란 말이야사랑한다고 말하란 말이야지금이 아니면제발 그만해 눈물아
35,너에게,다비치,https://www.melon.com/song/detail.htm?songId=5555753,발라드,아직 그대로일까내가 사랑한 그대는날 바라보던 눈이날 감싸던 손이 아직 날 기억해줄까미련 하나 남지 않을 냉정했던 내 모습사랑해 사랑해 널끝내 지키지 못한 말오랜 시간 널 사랑했어그만큼 많이 지쳐있었던 나그 때로 다시 돌아간대도우린 아마 같을 거야미안해하던 내 마음도기다린다던 네 모습도선명해 위태롭던 우리가결국 시들어버렸던 그날우연히 널 보게 된 날머뭇거리던 네 모습미안해 미안해 난속으로 되뇌이던 말오랜 시간 널 사랑했어그만큼 많이 지쳐있었던 나그 때로 다시 돌아간대도우린 아마 같을 거야미안해하던 내 마음도기다린다던 네 모습도선명해 위태롭던 우리가결국 시들어버렸던그날 나를 보며 가지 말라고말하던 네 눈빛을맘으로 전해지던네 두 손을 난 기억해지금의 우리라면 달라질 수 있었을까미안하다는 말 대신에기다려달란 말 했다면꽃처럼 아름다운 그때가이렇게 시들진 않았을까그렇게 끝나진 않았을까
36,환청 (Feat. 나쑈 (NaShow)),장재인,https://www.melon.com/song/detail.htm?songId=5545022,"발라드, 랩/힙합, 국내드라마",내 안에 숨은 것들이 말이야날 참 많이 변하게 했잖아날 잠재우고 두 손 묶고선어두운 방에 가둬 놨잖아잃어버린 시간의 조각들내가 버린 사랑의 기억들삭제되고 버려진 체껍데기만 남았잖아아무것도 모른 체난 그저 소리쳤고그저 그 기억뿐이지얼음처럼 차가웠던 내 마음도자고 나면 잊혀 지겠지벗어나고 싶어날 옥 죄는 고통에서누가 나를 꺼내 줘 이 상처로 가득한 내 영혼 속에서깊게 물들인 밤하늘은떠나지 못한 너의 모습이잠든 나를 깨우고 나서다시 입을 맞추고사랑해 속삭이던네 목소리가 너의 향기가매일 귓가에 들려온다넌 어디 있는데넌 볼 수 없는 곳에 감췄고날 대신해서 받는 고통내 분노가 하나 되면깊게 잠들어잃어버린 기억을 쫓고너 아닌 진짜 날 찾고 싶어도내 가슴에 든 멍이 너무도 커감춰봐도 내 안에 숨어있던놈들이 나타나 잠을 깨워끔찍했던 내 기억 저편에서널 마주했었고잃어버린 감정까지 감싸주며널브러진 날 일으켜 줬어꼭 잡은 손 놓지 않으려악몽의 시간 깨끗이 지우려안간힘 쓰고 있어내가 날 가둬둔 이곳에서어둠을 걷어너를 찾고 싶은데널 만질 수도안길 수도 없는데날 지배하는 건내 안에 살고 있는그런 놈들이 아냐날 치유하는 건 독한 약이 아냐단지 사랑 두 글자귓가에 들리는 목소린잃어버린 나를 깨우고몸을 감싸고 입을 맞추고 난 뒤사라지고 더는 볼 수 없잖아깊게 물들인 밤하늘은떠나지 못한 너의 모습이잠든 나를 깨우고 나서다시 입을 맞추고사랑해 속삭이던네 목소리가 너의 향기가매일 귓가에 들려온다넌 어디 있는데닿을 수 없는 밤하늘엔뒤돌아서는 너의 모습이지친 날 이렇게 벗어나그림처럼 만든다미안해 널 붙잡고멀어지지 마 애타게 불러다시 보이지 않는 슬픔에또 눈물만 흘러
37,큰새,혁오 (HYUKOH),https://www.melon.com/song/detail.htm?songId=5713423,"인디음악, 록/메탈",기억의 기억을 훑어야 해꽉 잡은 밤하늘을 돌봐야 해늘 검은 천장으로 여겼더니달은 열심히 떠올라보름달을 보여주네반복의 반복을 더해야해아쉬워라 말하진 않을 거야아 이렇게 지내다 옆을 보니이젠 다 크고 살기 바뻐어른 놀이를 하네쉬어도 쉴 틈은 없어야 해 오늘도 무사히 잘 넘겨야 해언젠가는 나도 버려질 거야결국 이러면 우리는아무 것도 아닌 사람
38,"아끼지마 (Don`t Be Shy) (Feat. 초아 (AOA), 아이언)",프라이머리,https://www.melon.com/song/detail.htm?songId=5793206,R&B;/Soul,기분 좋은 밤 술 기운이 올라빨개지는 볼 넌 내 맘 몰라비틀대는 몸 치마속 보일라날 놓지 말고 잡아줘살짝 닿은 손에 어쩔 줄 몰라어색해진 말투 서로 쳐다본 다음웃음만 짓네 아직 잘 몰라혼자만 그런 건 아닌듯해내 눈을 보며넌 상상만 하고 있어 baby맘 편히 날 바라보고넌 맞은편에서 누워새벽을 헤엄쳐don’t be shy다가와 너무 고민 하지마또 망설이지마우리의 내일은 더는 없어don’t be shy다가와 너무 고민 하지마오늘은 잡아줘우리의 내일은 더는 없어아슬 아슬한 line넘을까 말까달아올라 날 들었다 놨다내 맘 보일까 들킬까 겁나넌 모르는 척 안아 줘너의 뻔한 story넌 벌써 온갖 생각을 해 sorrybut 내 맘도 같아다가와줘 boy박력 있게 더 졸라 몰라난 모르는 척 져 줄게내 눈을 보며넌 상상만하고 있어 baby맘 편히 날 바라보고넌 맞은편에서 누워새벽을 헤엄쳐don’t be shy다가와 너무 고민 하지마또 망설이지마우리의 내일은 더는 없어don’t be shy다가와 너무 고민 하지마오늘은 잡아줘우리의 내일은 더는 없어왠지 넌 다 아는 듯해내가 뭘 원하는지에 대해말 안 해도 잘 알아먹는 여자나는 그런 여자가 좋더라하얀 도화지 바디 그 위내 물감을 짜지이 밤이 지나기까지빚을래 너라는 자기상상은 여기까지let us get down for this party아 물론 대남협같이 다 여긴 지금 하와이don’t be shy다가와 너무 고민 하지마또 망설이지마우리의 내일은 더는 없어don’t be shy다가와 너무 고민 하지마오늘은 잡아줘우리의 내일은 더는 없어
39,나였으면,나윤권,https://www.melon.com/song/detail.htm?songId=538118,발라드,늘 바라만 보네요하루가 지나가고 또 하루가 지나도그대 숨소리 그대 웃음소리아직도 나를 흔들죠또 눈물이 흐르죠아픈 내 맘 모른채 그댄 웃고 있네요바보같은 나 철없는 못난 나를한번쯤 그대 돌아봐 줄 수 없는지알고있죠 내 바램들을그대에겐 아무런 의미없단 걸나였으면 그대 사랑하는 사람나였으면 수없이 많은 날을 나 기도해왔죠푸르른 나무처럼 말없이 빛난 별처럼또 바라만 보고있는 나를 그댄 알고 있나요늘 나 오늘까지만혼자 연습해왔던 사랑의 고백들도슬픈 뒷모습 그저 오늘까지만이런 내맘을 모른채 살아 갈테죠기다림이 잊혀짐보다쉽다는걸 슬프게 잘 알고 있죠나였으면 그대 사랑하는 사람나였으면 수없이 많은 날을 나 기도해왔죠푸르른 나무처럼 말없이 빛난 별처럼또 바라만 보고있는 나를 그댄 알고 있나요묻고싶죠 그댄 잘 지내는 가요함께하는 그 사람이 그대에게 잘해주나요바보같은 걱정도 부질없단걸 알지만눈물없이 꼭 한번은 말하고 싶었죠사랑한다고
40,친구라도 될 걸 그랬어,거미,https://www.melon.com/song/detail.htm?songId=418598,R&B;/Soul,벌써 넌 내가 편하니 웃으며 인사 할 만큼 까맣게 나를 잊었니 네 곁에 있는 사람 소개할만큼 견디긴 너무 힘든데 자꾸만 울고 싶은데 내 옆이 아닌 자리에 너를 보고 있는게 왜 그게 행복한걸까 친구라도 될 걸 그랬어 모두 다 잊고서 다른 사람 만나는 널 보아도 슬프지 않게 그저 바라보고 있었어 한참동안 네 옆에 그 사람까지도 잠시라도 더 보려고 다시 혹시라도 널 보게되면 그땐 모르는 척 해볼게 웃어도 볼게 지금의 너처럼 눈 감지 말고 보낼 걸 가는 널 꼭 지켜볼 걸 차가운 너의 걸음에 마지막 내 눈물도 묻혀서 보내버릴 걸 너무 모진 너의 모습이 미워져버렸어 다른 사람 만나는 널 보아도 슬프지 않게 그저 바라보고 있었어 한참동안 네 옆에 그 사람까지도 잠시라도 더 보려고 다시 혹시라도 널 보게되면 그땐 모르는 척 해볼게 웃어도 볼게 지금의 너처럼 차라리 잘된 것 같아 다시 널 또 한번 미워할 수 있을테니 혹시 아직 너도 나처럼 편해지지 못하고 아파만 하는 거니 애써 너도 참는거니 혹시 네가 다시 돌아올까봐 나의 곁은 아직 그대로 비워져 있어 너의 자리라서 -
41,선곡표 (Feat. DJ Zio),에픽하이 (EPIK HIGH),https://www.melon.com/song/detail.htm?songId=1556549,랩/힙합,STAY 이 밤이 깊어가지만부디 안녕이라고 말하지마그댄 어떤가요이밤에 끝을 잡고 싶은데그건 절대 안돼나요난 그대 원하고 원망하죠이별 택시를 타고어서 아디오 잘가요let me say goodbye거리에서 혼자 남은 한 남자사랑한단 말 그 거짓말에한숨만 늘어가네다신 사랑안해남자답게 이젠 널 지우려해다시 마주치지말자 난 행복해근데 사랑은 향기를 남기고가벌써 그녀가 너무 보고 싶다정말 사랑했나봐그래 너의 뒤에서 후회한다친구라도 될껄 그랬어사랑하긴 했던걸까장난이었던건 아닐까우리가 노래하던 이별 얘기들이가사처럼 기억도 잊혀져갔다다시 사랑한다 말할까사랑할수록 멀어져간 사람아아무리 생각해도난 너를 사랑해 그리고 생각해너를 위해 천일동안이별이 오지못하게내 눈물 모아 살다가사랑하는 왜내 남은 사랑을 위해벌써 일년 사랑하기 때문에아름다운 이별그대만 있다면 행복한 나를다 줄거야 사랑은 아름다운 날들사랑했잖아 뭐를 잘못한거니너의 집 앞에서 발걸음 덩그러니바람이 분다 전부 너였다한장의 추억 사진을 보다가기억속으로 가만히 눈을 감고어제처럼 또 한번 사랑은 가고기억에서 멀어진너의 모습을 찾을수 있었지널 잊을수 없어날 보낼수 없어이렇게도 사랑하긴 했던걸까장난이었던건 아닐까니가 노래하던 이별 얘기들이가사처럼 기억도 잊혀져갔다사랑하긴 했던걸까장난이었던건 아닐까니가 노래하던 이별 얘기들이가사처럼 기억도 잊혀져갔다요즘엔 들을만할 노래가 없어마음속에 담을만한 가사가 없어그대가 떠났기 때문에세상이 변했기 때문에요즘엔 들을만한 노래가 없어마음속에 담을만한 가사가 없어그대가 떠났기 때문에세상이 변했기 때문에 
42,늦은후회,보보,https://www.melon.com/song/detail.htm?songId=1764613,발라드,얼마나 한참을 서있었는지멀리 너의 모습 보면서그 모습 사라질때까지너의 발걸음은움직일 수조차 없었지내가 어떤 사랑 받았었는지내가 어떤 아픔 줬는지이제야 널 보낸 후에야돌아선 후에야다시 후회하고 있잖아떠나간 다른 사람때문에비틀거리던 나를힘들게 지켜주던 널바라보지 않았지그렇게 사랑이 온지 몰랐어기대여 울기만 했잖아그런 내 눈물이너의 가슴으로 흘러아파하는 널 나는 밀어냈었지사랑은 떠난 후에야 아는지곁에 두고서 헤맨건지이제야 알겠어너에게 기대여 울던그 순간들이가장 행복했었던 나를내가 어떤 사랑 받았었는지내가 어떤 아픔 줬는지이제야 널 보낸 후에야돌아선 후에야다시 후회하고 있잖아떠나간 다른 사람때문에비틀거리던 나를힘들게 지켜주던 널바라보지 않았지그렇게 사랑이 온지 몰랐어기대여 울기만 했잖아그런 내 눈물이너의 가슴으로 흘러아파하는 널 나는 밀어냈었지사랑은 떠난 후에야 아는지곁에 두고서 헤맨건지이제야 알겠어너에게 기대여 울던그 순간들이가장 행복했었던 나를
43,Apple (Feat. 박재범),가인,https://www.melon.com/song/detail.htm?songId=5622359,댄스,하지 말라고 말하니까 하고 싶다 Yummy 갖지 말라고 말하니까 갖고 싶다 Hol' up mommy u needa relax Go slow girl u movin' too fast 여기서 이러면 안돼 그러다가 큰일 나면 어째 잘못하면 우리 둘 다 벌 받아 한 입 할까 말까 우 참자 한 입만 어때 아무 일도 없을 거야 그치 혼나면 어때 너도 지금 원하잖아 Ooh Uh Don't don't don't don't don't Don't don't don't don't Ooh Uh Don't don't don't don't don't Do do do do 그래 맞아 Girl Yeah 나도 원해 더 이상은 부정할 수는 없어 힘들어도 나는 계속 아닌 척 해 근데 거의 불가능해졌어 나도 정말 그러고 싶어 Girl But I'm really thinking that we shouldn't girl Until it's just two of us There won't be any reason to hide 좋은 데로 가자 단둘이만 있으면 그때는 내가 변신하니까   문을 잠그고 제대로 보여줄게 Girl 그때는 헐크처럼 힘을 쓸게 Girl 말할 땐 못된 내 입술이 Tasty Bite me Yummy 지금 나 어때 대답해 줘 Want me Love me Ooh Uh Don't don't don't don't don't Don't don't don't don't Ooh Uh Don't don't don't don't don't Do do do do 우린 손을 잡고 넘지 못할 선을 밟고 Boy 이리 저리 춤을 추고 있어 넌 이제 처음처럼 나를 보질 못하지 이젠 나랑 떨어질 수 없어 말할 땐 못된 내 입술이 Tasty Bite me Yummy 지금 나 어때 대답해 줘 Want me Love me Ooh UhDon't don't don't don't don'tDon't don't don't don'tOoh UhDon't don't don't don't don'tDo do do do
44,어쩌라고 (So What),빈지노 (Beenzino),https://www.melon.com/song/detail.htm?songId=5622398,랩/힙합,-
45,잊는다는 게,윤현상,https://www.melon.com/song/detail.htm?songId=5622592,발라드,잊는다는 게 참 그래요사랑하다가 이별하게 되면그때서야 못해줬던 게 생각이 나요꼭 어제 일처럼 추억이란 게 참 그래요분명 내 맘속엔 아직 남아있는데 지나가면 없었던 일로해버리는 게 속 편할 때가 있겠죠잊는다는 게 왜 이리 힘들죠함께했었던 그 시간 때문일까요새로운 사람을 만나서 행복해지면 되는간단한 일인데 왜 그리 어렵죠 잊는다는 게이별이란 게 참 그래요지키지 못한 약속들이 전부 내게거짓말이 돼 버린단 게 내가 이기적인 게 돼버리니까잊는다는 게 왜 이리 힘들죠함께했었던 그 시간 때문일까요새로운 사람을 만나서 행복해지면 되는간단한 일인데 왜 그리 어렵죠 잊는다는 게지금 생각나는 모든 것들이어쩌면 다시는 또 오지 못할기억에 묻힌 날들 행복했었던 날들이젠 잊어야겠지 모두 잊어야겠지가끔 생각이 날 때가 있겠죠그댈 만나서 그 동안 행복했어요새로운 사람을 만나도 그댄 잊지 말아요이제는 끝인 게 왜 그리 어렵죠 왜 그리 힘들죠 잊는다는 게
46,오래된 노래,스탠딩 에그,https://www.melon.com/song/detail.htm?songId=3894276,"인디음악, 포크/블루스",오래 전에 함께 듣던 노래가발걸음을 다시 멈춰서게 해이 거리에서너를 느낄 수 있어널 이 곳에서꼭 다시 만날 것 같아너 일까봐 한번더 바라보고너 일까봐 자꾸 돌아보게 돼어디선가 같은 노래를 듣고날 생각하며너 역시 멈춰있을까오래 전에 함께 듣던 노래가거리에서 내게우연히 들려온 것처럼 살아가다 한번쯤우연히 만날 것 같아사랑했던 그 모습 그대로내 사랑이그대로인 것처럼발걸음이 여길 찾는 것처럼꼭 만날꺼야지금 이 노래처럼날 사랑하는 네 맘도같을테니까오래 전에 함께 듣던 노래가거리에서 내게우연히 들려온 것처럼살아가다 한번쯤우연히 만날 것 같아사랑했던 그 모습 그대로운명처럼 아니면 우연처럼우리가 다시 예전처럼만날 수 있다면너에게 나 해주고 싶은말이 하나 있어널 다시는 놓치지 않을게 오래 전에 함께 듣던 노래가거리에서 내게우연히 들려온 것처럼살아가다 한번쯤우연히 만날 것 같아사랑했던 그 모습 그대로
47,꽃 (Feat. 타블로 Of 에픽하이),XIA (준수),https://www.melon.com/song/detail.htm?songId=5612295,R&B;/Soul,Take my handYou know I’m here with youSay my nameCuz lies can't kill the truth타들어가고 있어거짓 안에 숨겨왔던 진실들을숨을 죽이고 있어작은 입술 위에 깨진 많은 꿈들Nobody can help me썩어버린기억 저 편위에 나를 꺼내줘Come take my handCome take my hand말라버린 내 심장을 적셔줘Come take my handTill the end다시 널 위해 살아갈 수 있게Please take my무참히 밟혀진 꽃Looks like love is pain꺾인 날개처럼날 구속하는 수많은 그 상처파고드는 슬픈 가시 같아Come take my handCome take my hand말라버린 내 심장을 적셔줘Come take my handTill the end다시 널 위해 살아갈 수 있게Please take my handIt's all rightTake my hand이 잘난 세상엔 실수조차 큰 죄가 돼Don't cry또 다시 세간의 화제가 된넌 재가 되고다 살점 하나 떼 가네Your life Your soul Your worldThey cannot kill it날 봐 죽고 다시 눈 떠 I killed it날 삼켰던 어둠이제 내가 너를 삼키네폭풍의 눈을 찔러뿌리 깊은 꽃은 피네이게 진리다 끝난 것 같지그간 널 덮친 세상에 문 하나 없지누구나 다 겪지I tell you it's okay작은 빛이라도 어둠이 삼키지는 못해Come take my handJust take my handCome take my handUh uh uh말라버린 내 심장을 적셔줘Cuz love is pain like a candle in the rainCome take my handTake My HandTill the endTill The End다시 널 위해 살아갈 수 있게
48,Little Star,스탠딩 에그,https://www.melon.com/song/detail.htm?songId=3472354,"인디음악, 포크/블루스",눈을 감고내가 하는 이야기를 잘 들어봐나의 얘기가 끝나기 전에너는 꿈을 꿀거야Little star tonight밤새 내가 지켜줄거야처음 너를 만났을 때정말 눈이 부셨어너의 미소를 처음 봤을 땐세상을 다 가졌어Little star tonight밤새 내가 지켜줄거야내 품에 안긴 채곤히 잠든 널 보며 나는 잠시도눈을 뗄 수 없어이렇게 예쁜데숨이 멎을 것 같아내가 어떻게 잠들 수 있겠니나의 사랑 나의 전부하늘이 내린 천사나의 두 눈을 나의 세상을모두 훔쳐버렸어Little star tonight밤새 내가 지켜줄거야내 품에 안긴 채곤히 잠든 널 보며나는 잠시도 눈을 뗄 수 없어이렇게 예쁜데숨이 멎을 것 같아 내가 어떻게 잠들 수 있겠니눈을 감고내가 하는 이야기를 잘 들어봐나의 얘기가 끝나기 전에너는 꿈을 꿀거야Little star tonight밤새 내가 지켜줄거야내 사랑 tonight밤새 내가 지켜줄거야평생 내가 지켜줄거야
49,홀로 (Feat. 김나영),정키,https://www.melon.com/song/detail.htm?songId=3893169,발라드,아침에 눈을 떴을 때텅 빈 방안에 나 홀로 니 빈자리 거닐면서많은 생각들에 잠겨지워질 수 없는 기억 돌이킬 수 없는 우리 헤어날 수 없는 나와 멀어져만 가는 너를 바라봐누군가 한 말 처럼 언젠가만날 거라 그렇게우린 헤어진 거야집에 오는 길을 홀로텅 빈 방 침대에 홀로너와의 기억에 홀로 나 홀로 무뎌질 가슴안고 추억 속에 살아 홀로방안에서 깨면 홀로 늘있던 니가 없어 익숙해지겠지 나 홀로그 때를 기억하니 너와내가 우리란 말로함께 할 수 있었던그 날의 사랑들을잠시 맞잡았던 두 손 차마 놀 수 없어 붙잡았던우리라 해도그립고 그리워 그저 바라만 봐야 했어누군가 한 말 처럼 언젠가만날 거라 그렇게 우린 헤어진 거야집에 오는 길을 홀로 텅 빈 방 침대에 홀로너와의 기억에 홀로나 홀로 무뎌질 가슴 안고 추억 속에 살아 홀로방안에서 깨면 홀로 늘 있던 니가 없어 익숙해지겠지 나 홀로지난 시간들이 그리워 힘든 건지 내 손길만을 기다린 건지다른 누군갈 만날 내 모습 바란 건지 그저 날 사랑한다고 말해줘집에 오는 길을 홀로텅 빈 방 침대에 홀로너와의 기억에 홀로 나 홀로 무뎌질 가슴 안고 살아 보고 싶어 매일 널 그리며 살아 다시 아파한다 해도 내게 손 내밀어 그저 날 사랑한다고 말해줘이제 더 이상 잊혀질 그 날처럼 처음 날 만나서 설레었던그 날 그 때로 다시 돌아와나 하나만 바라보며 사랑한다고 말했던그 때의 우리로 돌아갈래텅 빈 방 침대에 홀로너와의 기억에 홀로 나 홀로 무뎌질 가슴 안고 추억 속에 살아 홀로방안에서 깨면 홀로 늘있던 니가 없어 익숙해지겠지 나 홀로
